respondent_id,row_id,is_sp,choice_situation_id,av_walk,av_bike,av_pvt,av_ipt,av_bus,av_drop,tt_walk,tt_bike,tt_pvt,tt_ipt,tt_bus,tt_drop,tc_bike,tc_pvt,tc_ipt,tc_bus,tc_drop,comfort_walk,comfort_bike,comfort_pvt,comfort_ipt,comfort_bus,comfort_drop,safety_street,weather,land_use,age_cohort,inc_level,choice
1,1,0,0,1,1,1,1,1,1,23.587719188071787,11.894064073916525,18.916047647362575,10.547681912779808,23.89312325627543,13.215524789411575,1.1656957091763616,41.23454608255997,30.10785070247948,11.616767807863653,19.39457503380254,2,0,1,1,1,0,0,3,2,1,1,6
1,2,1,1,1,1,1,1,1,1,14.795628525316715,6.373199223540723,13.753377453889698,7.875688087660819,22.26175541896373,16.355127308983356,3.0961408582516015,35.13878123834729,59.37835305463523,24.096573987044394,33.67193918558769,1,0,3,2,2,0,0,1,2,1,1,4
1,3,1,2,1,1,1,1,1,1,18.174595688469708,9.994176127715036,7.364645952358842,14.425515799084678,18.08327839919366,5.768311073537916,3.1750084517989308,42.798625053837895,56.9302945304662,26.154620819725096,17.765040375525132,3,1,2,1,1,1,1,3,2,1,1,5
1,4,1,3,1,1,1,1,1,1,14.197354353964329,6.5476777099538594,14.629568740725517,12.561992391711101,19.3785547001753,12.43039938621223,4.664113046601415,40.7942016934976,104.41615083720535,16.250281394459307,17.359460074221715,2,0,2,3,3,0,0,3,2,1,1,6
1,5,1,4,1,1,1,1,1,1,23.607628187164664,8.80416321172379,8.045976581051946,19.341022641165182,13.634595000883564,15.525785313919187,4.2678999120835215,71.2911664089188,56.7364289262332,12.93200493324548,33.05716022150591,1,1,2,1,2,0,0,3,2,1,1,3
1,6,1,5,1,1,1,1,1,1,11.577160805463791,11.099251463776454,5.873385661281645,9.009301278274506,10.683028140803799,11.891571513842791,3.644431750290096,31.686360859312117,108.03705255733803,22.499720281921327,23.18149793194607,3,1,3,1,2,0,1,2,2,1,1,5
1,7,1,6,1,1,1,1,1,1,18.20599573198706,4.185934717766941,13.607559061609209,15.465396464569494,10.97020116308704,6.112844925373793,2.6576675102114677,41.646432843990624,119.11667483625934,28.771510855294764,31.2133442342747,1,0,3,2,3,0,0,2,2,1,1,6
1,8,1,7,1,1,1,1,1,1,23.361399904824793,11.614599813474342,8.969245226122439,10.271191108040512,10.749886764446273,9.838149739429355,2.9817715648096055,38.56694564688951,148.07016792008653,21.80788777768612,17.66773078474216,3,1,2,2,2,0,1,3,2,1,1,3
1,9,1,8,1,1,1,1,1,1,20.319814807735384,4.018455705139786,14.584758770652115,18.215162421111017,8.78122995304875,7.1407972373999655,2.5442965142428875,41.91491770558059,143.08073663618416,25.07081865798682,19.668371215229854,3,1,2,2,3,1,1,3,2,1,1,3
1,10,1,9,1,1,1,1,1,1,23.294262858107686,10.195160283241421,12.9930409216322,6.275517697213218,22.381258480018005,16.510679331608117,2.7846525190398097,49.19611128047109,134.61900979513302,13.885176251642406,45.68882473395206,1,1,3,1,1,0,1,1,2,1,1,3
1,11,1,10,1,1,1,1,1,1,8.430438674986362,8.826566475676373,12.885634392034262,9.9001034849789,8.122055768035352,13.623861610423774,2.015055768424645,38.637025468051434,111.22850360581651,19.03810718562454,17.885325632523745,1,1,3,2,2,1,0,3,2,1,1,1
1,12,1,11,1,1,1,1,1,1,22.882260694168508,6.0818106243386865,4.07267023762688,15.659573851153255,14.777218574192375,4.651193008292466,1.8966658494900912,55.267377300187945,101.82460089446977,24.63562898337841,41.01640927256085,2,0,3,3,2,0,1,2,2,1,1,2
1,13,1,12,1,1,1,1,1,1,17.570753218606114,8.536171014653519,13.44110122974962,15.550480674719438,11.910276173613966,7.963680531829596,0.5214010237250477,57.138521037995815,108.05792436469346,16.2303107092157,37.57354295463301,2,1,2,3,3,0,0,2,2,1,1,5
1,14,1,13,1,1,1,1,1,1,10.409744484350085,4.974699466489255,9.250787259079516,14.807603793451563,12.372955876402557,5.779840316157788,3.3213129709474742,32.44049991015345,110.66446343902498,12.514332230202854,22.652437228243798,2,0,3,2,2,0,0,3,2,1,1,4
1,15,1,14,1,1,1,1,1,1,13.748213644139469,4.465158304665238,5.003651637583971,18.867425264324993,9.089967305073515,11.439215145073831,0.44442701037041843,35.87642932776362,84.11120410077274,17.003766442649066,45.09897493990138,3,0,3,1,3,0,0,1,2,1,1,6
1,16,1,15,1,1,1,1,1,1,12.700894521549344,6.418777395738289,13.502184229437262,16.79769659647718,12.19049986358732,5.136682723648846,2.0798409823328257,25.305549674667418,140.39327590027824,15.34946633502841,33.513210801174864,2,1,1,1,1,1,0,1,2,1,1,1
2,17,0,0,1,0,0,1,1,0,13.406675839796662,12.56409211200662,14.72269965801388,12.352160327136517,26.984383633825928,9.624379487941042,0.680489563383162,59.39658652874641,119.98646205291152,15.132058478193358,20.633831748273224,2,0,1,2,1,0,0,2,3,1,2,1
2,18,1,1,1,0,0,1,1,0,15.864484221674502,3.76190147199668,15.022269309032708,9.862651912262663,17.670333340996876,13.853943769354373,2.8198073338717222,20.274976519867778,131.19562189094722,22.84591933246702,18.188816496403888,1,1,3,3,2,0,1,3,3,1,2,1
2,19,1,2,1,0,0,1,1,0,16.567124975845218,8.732214874355122,15.583139213267714,11.744387466460466,10.931014621863142,14.609330675564706,1.1693329398985952,75.4381535295397,75.8309357939288,11.01637460757047,22.310907870996743,3,1,2,3,1,1,0,1,3,1,2,4
2,20,1,3,1,0,0,1,1,0,9.330611354671419,6.519033517688513,7.868022614624351,6.173899683635682,17.68541673454456,14.25420684972778,2.1102833771146834,74.45258155465126,94.26942519843578,22.71236817818135,19.147930551553145,3,0,3,1,1,0,0,3,3,1,2,1
2,21,1,4,1,0,0,1,1,0,20.00488042831421,6.18921482283622,7.911922926548868,17.11217271280475,8.467345155775547,4.14615053543821,4.606632483191788,63.417021594941616,91.65748837403953,25.296199931763113,37.59519878891297,2,0,3,3,3,0,0,3,3,1,2,1
2,22,1,5,1,0,0,1,1,0,11.908948463387787,4.651581057580188,12.34130946174264,17.157564375083894,13.113661811454222,9.288011469412595,1.010990784270689,53.57190035749227,106.7602133913897,10.204254118725657,35.722674417775124,2,0,1,2,3,1,0,3,3,1,2,1
2,23,1,6,1,0,0,1,1,0,13.6629194393754,11.176131080137566,12.424646502826363,11.67104942491278,11.662329796236008,7.802974664140493,0.8663792710285634,49.31126555427909,53.711355642881244,20.223265173844993,28.20948866312392,1,1,1,3,3,0,0,1,3,1,2,5
2,24,1,7,1,0,0,1,1,0,11.445141416043043,8.346646768972278,6.961349829565734,10.489821590017527,15.293104811105877,10.295102771837264,0.474665688816458,49.415204492397606,113.16059122793376,10.510471872985363,21.425926865777,2,0,3,1,3,1,0,3,3,1,2,1
2,25,1,8,1,0,0,1,1,0,20.712401825003326,5.920790207572281,15.78287833975628,10.77062105992809,17.46566290874034,6.11923681339249,3.229027671040967,24.860216518864036,67.8280975134112,18.88304912019521,40.68062445730902,3,1,2,1,2,0,0,2,3,1,2,4
2,26,1,9,1,0,0,1,1,0,24.226001142524183,7.5286137198563665,16.37294475082308,19.462993131019175,19.8869831841439,10.888293846976012,0.10140540543943644,79.71140292938799,138.1634682836011,25.74430995155126,15.656514129368588,1,1,1,1,3,1,1,2,3,1,2,5
2,27,1,10,1,0,0,1,1,0,21.03020286653191,7.624988463241607,11.456602485384792,8.131914195837453,11.65291891247034,17.975957501213998,2.3851653398014605,67.73205768782645,63.870701463893056,14.949448574334383,34.78524059522897,3,0,1,3,3,1,1,1,3,1,2,5
2,28,1,11,1,0,0,1,1,0,17.33565501868725,9.176729206228629,11.810227951034904,16.105895177461207,24.997371257515624,16.99202137766406,1.2079768546391279,79.03906397521496,96.24174492899328,28.33473971579224,41.93186374264769,1,1,3,2,3,0,1,3,3,1,2,4
2,29,1,12,1,0,0,1,1,0,7.619945318438113,9.749557552859187,7.437767661642283,15.26064132223837,12.36990363476798,10.278171440586448,2.8790895140264183,47.09676313214004,71.8411195394583,12.96389217954129,29.91919935680926,2,1,2,3,3,0,0,3,3,1,2,1
2,30,1,13,1,0,0,1,1,0,24.551474368199706,7.7893693735823035,12.306213512085378,17.2184219234623,22.3616970742587,9.33873272780329,0.7317817234434187,28.880752502009273,137.8534563165158,24.75664625875652,21.43376476597041,2,1,1,3,2,0,0,1,3,1,2,5
2,31,1,14,1,0,0,1,1,0,8.938972763717175,6.7056792920921,9.302498870994896,8.16764852963388,20.39466487755999,9.085918079130352,3.9658384048379958,35.72410279419273,54.9568488728255,22.885022503323853,16.3099787698593,3,1,1,1,2,1,1,2,3,1,2,1
2,32,1,15,1,0,0,1,1,0,12.046259408816695,11.274952844716609,15.90772227756679,14.477452948922291,12.755878983065486,16.663362316787243,3.152969147777185,20.565126701258123,40.7776646874845,26.055299784056842,32.548410991439596,2,1,3,2,3,1,0,2,3,1,2,4
3,33,0,0,1,1,1,1,1,1,10.902446489781141,9.500538983615115,17.9487911995966,19.83449712395668,13.371234668884426,12.903355365851894,0.10051659401506186,35.81811344018206,35.65389673691243,5.528540727682412,36.348431741353124,1,0,1,1,1,0,0,3,3,1,3,5
3,34,1,1,1,1,1,1,1,1,9.5498300017789,9.287850005552173,4.137240903452039,5.364183030324057,23.347917038248852,15.30881331115961,0.8354076172690839,21.866639512591064,49.96468831319362,12.297551692463458,45.362769544590265,2,0,2,1,3,0,1,3,3,1,3,2
3,35,1,2,1,1,1,1,1,1,16.45951930899173,6.769242379814386,4.625306449364871,13.485525249270722,17.594761088257656,14.721715392079204,3.946433503879234,70.3390266187489,102.325012863148,20.090216798707843,33.536047256784514,3,1,1,2,3,0,0,1,3,1,3,2
3,36,1,3,1,1,1,1,1,1,21.89903885126114,11.056274160509929,16.72241603117436,11.522009037435055,9.872216549469158,6.412865941878408,4.2311029974371195,50.43087931815535,48.068466547410935,28.8983563054353,16.164853640366346,3,1,3,2,1,1,0,1,3,1,3,1
3,37,1,4,1,1,1,1,1,1,5.9686192171648145,3.92301255161874,17.134880844969302,10.816848792601377,11.692293876083568,5.885228281375021,0.11691213469021022,59.13907806389034,77.53456696635112,16.496297558769584,49.51078997226432,3,0,2,3,1,0,0,3,3,1,3,4
3,38,1,5,1,1,1,1,1,1,13.983754911459982,9.346255513373762,14.609364468138665,9.463851733598858,14.722574577201158,16.296877334360033,4.8193768807686865,57.91598603129387,54.378165404777974,22.778807361610234,29.538409617962316,3,1,1,2,3,0,0,1,3,1,3,5
3,39,1,6,1,1,1,1,1,1,21.255075964145362,3.291925227502361,9.313051783014089,19.402612767880782,12.728085077600554,7.029736520256847,3.2015930861234665,66.48667789530009,58.3479195041582,26.624646545387805,20.20069651887752,3,1,1,2,2,0,1,3,3,1,3,5
3,40,1,7,1,1,1,1,1,1,7.454118565656245,8.944018099224195,6.30052843131125,18.516045776195824,20.875452750129625,5.50639717373997,2.991380800958723,76.28020353149623,78.66406911518425,27.496044323779643,39.63976981816813,1,1,2,3,2,1,0,3,3,1,3,1
3,41,1,8,1,1,1,1,1,1,21.804319242946804,6.068943889578804,12.849867653101683,16.874214166309685,12.376017661066726,15.844495784956962,4.752797415712848,69.454653593711555,57.66100266482681,23.122135964222252,19.671498503303155,1,0,3,2,2,1,0,1,3,1,3,5
3,42,1,9,1,1,1,1,1,1,22.733424664475024,5.6393605917692184,7.762105830013752,9.699609901290387,12.799996697809547,17.862117200624198,0.6087970815133303,65.65730215515941,111.76276297308505,12.045078543014824,41.208667741157115,2,0,1,3,1,0,0,1,3,1,3,2
3,43,1,10,1,1,1,1,1,1,16.497659380547702,3.6715161139145494,17.924460271839052,12.97710529412143,24.05466366908513,6.554477339610457,2.5035601889248937,40.39037506561726,108.7311309762299,18.615558734163642,25.658996058627963,3,1,1,3,2,0,0,2,3,1,3,1
3,44,1,11,1,1,1,1,1,1,19.91931169293821,8.498884983826429,10.707548229955137,8.349088412942365,13.392379270168021,12.591892424970865,1.5834381093736738,31.754258717410266,87.57938921218738,21.405185367912054,29.41747417091392,2,1,2,1,3,1,0,2,3,1,3,3
3,45,1,12,1,1,1,1,1,1,14.906864478252828,3.1520431260578334,10.033455457538366,15.129377400735393,24.13204895495437,8.610405895859003,1.340206484310329,26.292964592576027,49.005441952031106,27.247653882950544,30.018527945503592,3,0,3,2,2,0,1,1,3,1,3,6
3,46,1,13,1,1,1,1,1,1,11.039467034861445,7.114063017535955,11.574972418602556,11.04499444947578,24.442551019368693,8.780431544873863,0.6835047050844878,40.509029789827764,63.36881422903389,18.704945547506213,36.27611488918774,3,0,3,3,2,1,1,1,3,1,3,3
3,47,1,14,1,1,1,1,1,1,18.6155212437734,7.741449461085722,15.912081571761519,16.66908457642421,16.226845050929114,15.24120518611744,2.664447680581361,28.010079180821776,111.0373293212615,26.21859825681895,28.126705494942144,3,0,2,3,1,0,0,3,3,1,3,4
3,48,1,15,1,1,1,1,1,1,18.585677230730653,3.3358961006160825,11.856995491310954,18.644941170932725,20.95437560370192,6.55538904806599,4.785554964328185,23.346866709180176,54.31987958494574,18.71036965865642,48.04420504835434,2,1,2,2,3,1,0,3,3,1,3,6
4,49,0,0,1,1,0,1,1,0,7.374630579724908,13.722897467203438,13.123369762906805,15.538230076432228,28.7029970693402,18.15008830744773,0.7570273317396641,18.79511055070907,66.36015651980415,12.086346292635426,21.03067226940766,2,0,2,2,1,0,0,3,2,2,1,1
4,50,1,1,1,1,0,1,1,0,5.730370618402958,8.921175315510482,8.501427703537047,6.060796444071457,14.140351155539975,5.885177558287978,1.3809175859205425,58.561336528509855,148.61332214204594,26.850350690074265,40.647914838045835,2,1,1,3,2,1,1,2,2,2,1,1
4,51,1,2,1,1,0,1,1,0,22.037676256150007,4.126658458029851,11.119986751582474,6.228593037230894,22.821995955426246,11.958436120767146,0.507432707818225,22.18563763424754,121.71807068632916,25.447096452116966,35.21499670110643,3,0,3,2,1,1,0,3,2,2,1,4
4,52,1,3,1,1,0,1,1,0,13.121019685640931,11.177547215251252,7.755936092231423,12.127426076913252,22.830978004494682,16.253869104664773,0.35464829416014254,74.90175106562674,46.16646531969309,27.508383286185563,32.20572751364671,1,1,2,3,3,1,1,1,2,2,1,4
4,53,1,4,1,1,0,1,1,0,24.980418104678392,4.982631881721318,12.718793042004108,14.1612619580701,20.9190833310131,5.0031111421994865,0.4070162493735552,64.24585094675422,89.14286389946938,20.54639699868858,36.29726054263301,3,1,3,1,2,1,1,3,2,2,1,2
4,54,1,5,1,1,0,1,1,0,10.759500139392912,3.4472785766702145,15.36924574431032,6.004673148272559,23.815861374372616,4.983116900548339,1.0817852336913347,27.31044366490096,125.71849993430078,18.764857221394777,39.041141998022795,1,1,1,3,3,1,1,2,2,2,1,5
4,55,1,6,1,1,0,1,1,0,11.103230491280556,3.053137425100431,11.095294018741697,16.459730475908145,17.215571210021153,17.685912491288036,3.694289461709559,62.61464057024568,52.51992706907913,13.473820108920336,44.75789876887575,2,1,1,2,1,0,0,3,2,2,1,2
4,56,1,7,1,1,0,1,1,0,21.425842619501054,10.301594485994428,16.56597464485094,5.494742868468165,12.31298428028822,16.200377340894192,0.8389840763993561,37.78326076455414,130.29223513323814,23.269435414113104,27.544204518198967,1,0,3,1,3,1,1,3,2,2,1,5
4,57,1,8,1,1,0,1,1,0,20.951833766885102,9.332125208806247,9.729918908327818,15.263360757380724,23.983607632340863,7.633911215234548,3.7831986835226417,28.380122617818415,76.65141370380297,28.066373993642628,23.00821746350266,3,0,1,3,1,0,1,2,2,2,1,1
4,58,1,9,1,1,0,1,1,0,15.091380751691759,6.468157563591376,7.46582496073097,19.579042096156627,19.117654544766992,6.493250384926796,3.206021513324231,73.60915922559798,100.21640941966325,25.365747618488967,32.826945434790105,2,1,3,3,2,0,0,1,2,2,1,1
4,59,1,10,1,1,0,1,1,0,21.231554774567485,5.517740021226928,9.352193101774901,11.16081994608976,15.290411424590275,7.074763483833522,0.32383215613663197,45.13497179374099,104.82666481984779,18.470634408295155,31.964158257469535,3,0,3,2,3,1,1,1,2,2,1,1
4,60,1,11,1,1,0,1,1,0,9.589370447210968,11.149380908813328,6.547581141348928,7.807064587250352,12.80347796017304,4.785249065142125,4.665954357478768,44.106679912656546,49.617297754157335,27.860439023934305,18.585595114855096,1,1,3,1,2,1,1,2,2,2,1,4
4,61,1,12,1,1,0,1,1,0,14.85400524456054,8.934728517662734,12.889053671155125,12.313235820038244,17.057242659619078,14.186831859871745,1.1597829102538526,70.37092734593898,89.85469081904739,25.0096278777346,20.22468201816082,3,1,3,3,1,0,0,2,2,2,1,1
4,62,1,13,1,1,0,1,1,0,9.037667359225452,11.773952734423801,13.571556439623237,9.328775530448183,24.133396877208725,4.764838213566691,1.3231781835202128,32.31366330292076,132.19174698693678,17.8296458767727,42.47516775387339,3,1,1,2,3,0,1,1,2,2,1,1
4,63,1,14,1,1,0,1,1,0,21.909054154530168,7.648199011338875,4.026379786431789,8.924314797623083,17.691570120397955,9.360557192470878,2.2324899886734784,29.03500539250672,92.22983215702698,26.293375147506595,32.924580002436414,3,0,3,1,2,0,0,1,2,2,1,2
4,64,1,15,1,1,0,1,1,0,22.58688926231116,5.080657897749916,11.192914261948317,10.430284715257585,16.951882225926965,17.902610815595835,0.48702596221119165,29.893007217906415,145.54589617997408,27.56644673179835,49.40688967239112,1,1,3,2,1,1,0,2,2,2,1,2
5,65,0,0,1,0,1,1,1,1,23.449521884322166,4.445528493961319,18.029029412427917,14.293440539389849,19.661321848398075,8.48792273318395,1.0170905198901892,45.28336063376628,117.85795607138425,8.889555321075022,32.552071679383516,2,0,1,1,1,0,0,1,3,1,2,4
5,66,1,1,1,0,1,1,1,1,12.02687706798315,9.509834837168455,17.544155143667012,12.349464466096833,15.674116564914584,6.452930530998856,0.8112976641859859,23.709583189338446,118.50877363467589,29.1760837379843,43.15059754299,3,1,3,3,3,1,1,1,3,1,2,6
5,67,1,2,1,0,1,1,1,1,11.981842960231006,10.326496460242197,11.565647402312607,6.491272693965584,11.34351087268442,10.206561364699155,0.35107814706861973,64.83077684883028,60.662962812930346,18.085615038871765,39.98953575268388,1,0,1,1,2,0,1,1,3,1,2,6
5,68,1,3,1,0,1,1,1,1,20.57528859935701,7.664751811651513,6.207388033159077,11.999923307448626,23.003125316929072,6.772026264108717,1.3001810014247894,67.22700505051762,60.59100979240611,26.249953280203044,31.58982623484917,3,1,2,1,3,1,0,3,3,1,2,4
5,69,1,4,1,0,1,1,1,1,22.117063961923122,6.205119293415919,13.49149880046025,17.439375107642263,22.650882033165544,12.203578926157206,3.174458397552371,24.03963353484869,87.38819192862138,18.084917929954827,18.581717623164877,3,0,3,2,2,1,0,1,3,1,2,6
5,70,1,5,1,0,1,1,1,1,22.449984294362366,3.88221871946007,12.504480479285121,5.055312440963462,8.180168009130284,10.249502964317799,4.174680031137541,70.61055420897901,108.47675702301785,18.967225081287324,19.80610965867527,2,0,3,1,2,1,0,3,3,1,2,4
5,71,1,6,1,0,1,1,1,1,5.570685202255845,8.28079115319997,11.53991310717538,14.594602457946166,11.032686209538952,9.9271832103841,2.6842460525222123,31.473674438893795,41.110020065680146,27.144157551229,40.15306150424294,3,1,1,3,2,1,1,1,3,1,2,1
5,72,1,7,1,0,1,1,1,1,9.008399350568652,3.2901157485321164,15.845732745714486,10.228977765655145,10.017238122876734,17.938585261348635,1.2143378949258476,69.24135528039187,142.4165404890664,15.926089910790324,44.49749059276655,2,0,2,3,1,0,0,2,3,1,2,1
5,73,1,8,1,0,1,1,1,1,13.203666401095688,5.993089757161215,10.64497233973816,14.700019408483058,10.163281160639599,9.135655444581062,1.0594193718861789,77.93719294015318,78.60280922614038,17.197735072113574,18.014707911061123,1,1,1,2,3,0,1,2,3,1,2,1
5,74,1,9,1,0,1,1,1,1,11.27638035453856,4.488310921238735,10.827148920856416,14.455082623753697,16.650412763701752,4.034943904262036,1.0491869831457734,53.16320009995252,124.94739329442382,16.402913127094507,17.475910369539633,3,0,1,3,2,0,0,1,3,1,2,4
5,75,1,10,1,0,1,1,1,1,14.04376806691289,7.287146283779293,7.736899757757783,14.415934679564089,17.340365099254996,14.31596551835537,3.9355989056639373,79.67235790099949,42.05045054666698,25.0099615752697,28.924758966313675,3,1,1,2,1,1,0,2,3,1,2,4
5,76,1,11,1,0,1,1,1,1,19.76419448852539,4.3829694672022015,8.346819940023124,13.419624882517383,13.926810740493238,17.386647923849523,3.916217276128009,52.67853649798781,76.22666077222675,11.930717029608786,16.332153920084238,2,1,3,3,3,0,1,3,3,1,2,4
5,77,1,12,1,0,1,1,1,1,12.08208316937089,8.007822201121598,11.293779772240669,17.415008953539655,17.047728401608765,10.960463086143136,0.7293112750630826,36.637300667352974,52.684414356481284,23.553174110129476,35.87569609633647,1,1,1,2,3,0,1,1,3,1,2,1
5,78,1,13,1,0,1,1,1,1,22.803722117096186,3.7150775310583413,16.989493414759636,19.925432549789548,16.63640151824802,17.18440892919898,1.1768457060679793,74.96421707328409,95.22270677378401,23.01653013098985,15.915683344937861,2,0,1,3,3,0,1,1,3,1,2,5
5,79,1,14,1,0,1,1,1,1,11.218683398328722,8.964692507637665,16.61891334410757,16.538527881493792,13.395111517515033,8.02126785973087,2.4213090736884624,59.48173113167286,64.75296355318278,18.439735090360045,44.63953854283318,3,1,1,2,3,0,1,3,3,1,2,5
5,80,1,15,1,0,1,1,1,1,18.724757083691657,7.8261334779672325,14.58531891182065,11.06915844255127,12.205755942035466,6.020954709034413,0.9371853224001825,56.99852996971458,123.48248089430854,14.09457444678992,39.88340356037952,2,1,1,2,1,1,1,3,3,1,2,6
6,81,0,0,1,0,1,1,1,1,13.561269859783351,4.157638184493408,7.025620725471526,6.782323684543371,17.197429583175108,9.00746270432137,0.5846900646574795,47.55504105705768,70.98123265430331,5.645691581303254,38.4487546980381,1,0,1,2,2,0,0,1,1,1,2,6
6,82,1,1,1,0,1,1,1,1,16.101693864911795,11.182059107813984,10.975713951513171,15.073156309081241,14.548823893303052,6.293448256328702,2.0168013707734644,74.91015994455665,65.87807340314612,29.786628680303693,46.61063586361706,2,0,1,3,2,0,1,3,1,1,2,4
6,83,1,2,1,0,1,1,1,1,21.52804012876004,4.912449225783348,8.425578388851136,12.13355453684926,18.300206205807626,6.1183453244157135,2.789395535364747,46.78459743503481,47.5406262348406,11.734184767119586,32.574948315741494,3,0,3,3,2,1,1,1,1,1,2,4
6,84,1,3,1,0,1,1,1,1,17.108130138367414,10.499867141945288,4.246777066029608,13.901662053540349,21.140668282518163,12.617625452112406,1.5255225996952504,54.16020763106644,94.26670337561518,24.904574221000075,40.31103985616937,3,1,3,3,2,0,1,3,1,1,2,3
6,85,1,4,1,0,1,1,1,1,16.992103313095868,11.076944392640144,11.919325227383524,18.89930749544874,11.946398820495233,17.17077476158738,4.642147313570604,78.2083909260109,101.07067087898031,14.513864447362721,30.857381329406053,1,0,1,3,1,1,0,3,1,1,2,1
6,86,1,5,1,0,1,1,1,1,22.11058865301311,3.6401026560924947,17.299381106626242,8.828937421785668,19.450861368561164,13.965588686987758,0.6402961898129433,36.890312591567636,107.49896388035268,26.953562148846686,26.17125104414299,3,1,1,3,2,0,0,2,1,1,2,3
6,87,1,6,1,0,1,1,1,1,10.74951889924705,6.73198672500439,6.883264021482319,7.9101375001482666,9.459563727257773,4.062760365661234,4.4389608898200095,65.76182100921869,126.12660224782303,15.283436942845583,16.97600177489221,3,1,1,1,3,1,0,3,1,1,2,1
6,88,1,7,1,0,1,1,1,1,18.775637969374657,6.19711498869583,9.100852222647518,18.514348053140566,11.35520207346417,13.13108538556844,0.9215658809989691,25.313058141618967,46.699888731818646,13.830126775428653,27.621792994905263,3,0,1,2,2,1,1,3,1,1,2,5
6,89,1,8,1,0,1,1,1,1,21.664534583687782,9.313908179523423,4.393955730833113,17.22692381008528,22.27755907177925,10.449648863170296,3.2779105205554515,36.710225362330675,133.92785783391446,26.894608330912888,46.073829490924254,2,0,2,1,3,0,1,1,1,1,2,5
6,90,1,9,1,0,1,1,1,1,18.33987329620868,9.12268852838315,12.330160493962467,6.622897885972634,11.417339644394815,16.837441695854068,3.0054668884258717,55.99135430995375,127.15588894672692,28.034083247184753,49.10494719748385,2,0,1,3,2,1,0,1,1,1,2,3
6,91,1,10,1,0,1,1,1,1,19.264384084381163,10.541720704408363,8.883047580253333,10.53285478730686,15.07977189659141,14.387408567592502,1.5032941184472293,34.479667474515736,118.19892319850624,27.026157747022808,38.50585766020231,2,1,3,1,1,0,0,3,1,1,2,4
6,92,1,11,1,0,1,1,1,1,16.499409819953144,9.296288348268718,9.660617125686258,16.481979148229584,13.715648989891633,15.801017653662711,0.09172797435894608,49.45295862387866,118.58995179412887,18.460791427642107,40.10312750004232,1,0,2,3,2,1,1,2,1,1,2,5
6,93,1,12,1,0,1,1,1,1,14.303378681652248,4.468939965823665,8.664039355702698,18.085869036149234,14.845427047694102,12.98217421816662,4.358338768361136,55.5677289981395,98.39685851940885,26.13649018574506,29.069696055958048,3,1,2,2,3,0,0,2,1,1,2,6
6,94,1,13,1,0,1,1,1,1,22.265952490270138,6.126458325656131,16.673736477270722,18.655107881641015,19.676028839079663,15.6092838793993,1.9202115363441408,40.64606309402734,42.017566750291735,17.948551457375288,41.75401584128849,1,0,2,3,1,0,1,2,1,1,2,3
6,95,1,14,1,0,1,1,1,1,24.411169928498566,10.26045094197616,16.329102127812803,15.919726908905432,19.05223500286229,7.288500797003508,4.4276391610037535,23.18633504677564,41.58303322037682,23.043963690288365,21.467156348517165,1,0,1,2,2,0,1,3,1,1,2,5
6,96,1,15,1,0,1,1,1,1,10.578210782259703,9.583017225377262,9.96564409788698,6.008380086859688,14.356774867745116,5.131569200195372,1.3913277350366116,61.813883357681334,148.39406952261925,29.077600426971912,40.59022281086072,1,0,1,3,2,0,1,1,1,1,2,1
7,97,0,0,1,0,1,1,1,1,5.195646132342517,10.126734861172736,9.682991845766082,14.005910828709602,19.18018940719776,6.138559040846303,0.4092349396087229,25.320025401888415,62.740835684817284,13.980093802092597,26.127623510546982,2,0,1,2,1,0,1,3,3,2,3,1
7,98,1,1,1,0,1,1,1,1,17.832084787078202,8.69563044863753,14.714419113472104,15.06199556752108,14.831778975669295,16.025864659342915,4.098950781626627,62.843946809880435,101.87978397356346,14.588054539635777,39.32275859173387,1,0,1,3,1,0,0,2,3,2,3,5
7,99,1,2,1,0,1,1,1,1,16.086511346511543,11.900979351717979,9.284767264965922,16.19620403042063,9.575337217189372,6.32968697976321,4.84545084182173,78.647544789128,47.30914536397904,28.381767868995667,19.186876110034063,2,0,3,3,3,0,1,2,3,2,3,5
7,100,1,3,1,0,1,1,1,1,5.919355042278767,4.939712191466242,6.757061955984682,12.538947571301833,8.917368074180558,4.19724248861894,3.875199696049094,76.20402169879526,141.2501432141289,11.655112747102976,43.87426255620085,3,0,1,3,3,0,1,1,3,2,3,5
7,101,1,4,1,0,1,1,1,1,8.84967165067792,10.66250481759198,5.537772357929498,11.370292947394773,12.857061719056219,9.360284006223083,1.5203655965160578,74.81164135970175,119.31899083545431,22.963671265169978,26.342992421705276,1,0,3,2,2,0,0,2,3,2,3,4
7,102,1,5,1,0,1,1,1,1,24.30472997482866,6.908941307337955,13.383212376385927,19.642745283199474,13.58194739301689,9.795977008063346,3.0379489716142416,74.67438817024231,149.59631400881335,23.984353812411427,23.422587191453204,3,1,2,1,1,0,0,3,3,2,3,5
7,103,1,6,1,0,1,1,1,1,19.084934247657657,4.3221074875909835,5.196029459126294,6.888201403198764,12.869260893203318,9.782910462468863,1.4353383902925998,71.1865223152563,132.25134984590113,29.10134800709784,17.41093510063365,3,1,1,1,3,0,1,1,3,2,3,4
7,104,1,7,1,0,1,1,1,1,17.093250332400203,4.750120968092233,7.007642063777894,19.048740837024525,19.041163901099935,12.60056875878945,2.5614183128345758,25.859229643829167,123.93511392874643,14.403530452400446,33.54702120530419,2,1,1,3,1,1,1,3,3,2,3,5
7,105,1,8,1,0,1,1,1,1,13.957946212030947,3.310894641559571,15.248017155565321,5.258946884423494,12.823653646511957,9.11645179335028,3.5701989207882434,28.1351430574432,73.46681551542133,17.21118134446442,44.85559868393466,3,1,1,1,1,1,0,2,3,2,3,4
7,106,1,9,1,0,1,1,1,1,19.731899839825928,8.980064530391246,4.8746138252317905,10.082229217514396,10.371061615180224,15.89979068748653,2.193313982570544,74.15890956297517,128.2365397363901,18.91629747580737,39.227724344236776,3,1,2,3,2,0,1,2,3,2,3,3
7,107,1,10,1,0,1,1,1,1,8.654852393083274,4.8152275120373815,16.541596489027143,18.47178101190366,9.533725060289726,13.25332167884335,1.583615381969139,64.62283969856799,62.81079291366041,29.38060319982469,35.030372813344,2,1,2,2,3,1,1,2,3,2,3,1
7,108,1,11,1,0,1,1,1,1,7.569198766723275,3.4858694330323488,7.648279813118279,14.19491732143797,10.133981451392174,7.688026441726834,4.842271414818242,78.41433885507286,103.66626288508996,26.8175659282133,29.18810802861117,3,0,1,2,1,1,0,1,3,2,3,6
7,109,1,12,1,0,1,1,1,1,23.217258295044303,6.85169905051589,6.04964448697865,16.68173767393455,18.247980161570013,15.62675020378083,2.363629083847627,41.320091602392495,101.42161793541163,19.74132747389376,32.38289796630852,2,1,1,3,2,0,1,3,3,2,3,5
7,110,1,13,1,0,1,1,1,1,10.33094562124461,3.669203048106283,7.590554847382009,11.30854431190528,14.003076147288084,11.369981495197862,3.2183418970089406,62.87202294450253,104.0321454172954,23.748144530691206,38.853354355087504,2,1,2,3,2,0,0,3,3,2,3,3
7,111,1,14,1,0,1,1,1,1,12.27819581516087,10.141097072744742,9.603614555671811,9.566025792155415,16.521725836908445,4.973790824878961,0.8372666535433382,71.3910011202097,116.9052269612439,10.352758597582579,28.20713941589929,1,0,2,1,3,0,0,2,3,2,3,3
7,112,1,15,1,0,1,1,1,1,7.823449275456369,7.160397008992732,4.417439499869943,19.33518440113403,23.38613193598576,9.04804346524179,2.753125731833279,29.530894975177944,104.15930482326075,28.240777552127838,25.86272560991347,1,1,1,2,3,1,0,1,3,2,3,1
8,113,0,0,1,0,0,1,1,0,15.894348556175828,6.106257344596088,15.679967919131741,12.899312365800142,25.983607555972412,13.051376541843638,0.5023233923129737,55.28923987993039,54.966948539949954,6.17669636150822,32.034970328677446,1,0,1,1,1,0,1,2,2,1,2,4
8,114,1,1,1,0,0,1,1,0,22.8597400104627,4.471935035660863,17.859850513283163,15.170855325413868,14.171552939806134,5.1437345626764,0.010521282674744725,59.119654330424964,77.49030718812719,16.511089112609625,35.29247668106109,3,1,2,2,1,0,0,3,2,1,2,5
8,115,1,2,1,0,0,1,1,0,16.14958881866187,3.4862447138875723,6.065692608710378,7.12892847135663,14.931068704696372,4.700385187752545,0.26421125628985465,77.67807102762163,48.28378940932453,13.024899093434215,25.080044500064105,2,0,2,3,1,0,1,2,2,1,2,4
8,116,1,3,1,0,0,1,1,0,16.251504099927843,9.06565341562964,7.332617890555412,19.160106487106532,19.610460634110495,8.050717418082058,0.6910361640620977,46.60455687902868,56.096933640073985,12.124985428526998,28.65470649325289,3,1,2,2,1,1,0,3,2,1,2,1
8,117,1,4,1,0,0,1,1,0,5.344850108958781,9.97839508485049,7.908107139635831,6.617757104104385,23.328213706146926,14.020178831648082,0.42595747858285904,78.63847924396396,73.87035503517836,19.190097991377115,32.77533981134184,3,0,2,2,3,0,1,1,2,1,2,4
8,118,1,5,1,0,0,1,1,0,21.133780013769865,3.1670358886476606,9.339266586583108,19.04871287639253,10.437880044104531,9.68163739098236,0.3097158914897591,73.64237180445343,141.61483479198068,10.000295350328088,49.37818163074553,1,0,2,2,2,1,1,3,2,1,2,1
8,119,1,6,1,0,0,1,1,0,18.02813230548054,10.411014108918607,11.797481690067798,14.565238908398896,13.692896598484367,11.121381742414087,4.813940260792151,71.44420279189944,147.24929759278893,24.22353226225823,19.55896078143269,2,0,2,3,2,0,1,3,2,1,2,1
8,120,1,7,1,0,0,1,1,0,20.109482486732304,6.907834673998877,4.5032598078250885,8.374659765977412,12.999976717168465,5.751019947696477,3.5130908351857215,40.51522323396057,135.28355410322547,19.190889787860215,45.11648804647848,3,0,1,3,1,0,1,2,2,1,2,5
8,121,1,8,1,0,0,1,1,0,12.801621863618493,8.769742243224755,10.052457679994404,15.202110478421673,15.269061027327552,11.132278291042894,4.897938047070056,74.7567484434694,113.10676547465846,17.40973595995456,35.87131371255964,1,0,2,3,1,1,0,2,2,1,2,4
8,122,1,9,1,0,0,1,1,0,21.236244179308414,10.903273842064664,12.822708065621555,8.919306669849902,8.901600329438224,15.75152221461758,3.853177580749616,35.42168124113232,122.00877111637965,29.376356531865895,24.8102026397828,3,0,2,3,1,1,0,3,2,1,2,4
8,123,1,10,1,0,0,1,1,0,10.738235204480588,8.063597381813452,8.887006406206638,6.985974204726517,9.248899742029607,8.737647010479122,1.662554875947535,71.08858677558601,119.40225014928728,14.102367460727692,28.983165504178032,2,0,1,3,2,0,0,2,2,1,2,5
8,124,1,11,1,0,0,1,1,0,17.606994528323412,5.681470171082765,12.899520300794393,11.316214224789292,22.533846254926175,8.020045837853104,0.7270281482487917,21.865202197805047,56.92661443259567,25.190441790036857,28.99942631018348,3,1,2,2,3,0,0,1,2,1,2,5
8,125,1,12,1,0,0,1,1,0,21.36578183155507,9.307872077682987,17.988565700594336,15.724459291668609,19.659470990067348,8.469620732590556,0.04566630348563194,42.70277550444007,43.13291935948655,17.704633278772235,36.46431757253595,2,0,2,1,2,0,1,2,2,1,2,5
8,126,1,13,1,0,0,1,1,0,24.547108015976846,9.641225915635005,4.561441216152161,9.420651624677703,13.178037806646898,7.138860616832972,1.962635264499113,56.92938111256808,48.58881707070395,15.624441020190716,49.41119863302447,2,0,2,2,1,1,0,2,2,1,2,5
8,127,1,14,1,0,0,1,1,0,14.501669476740062,4.487284360220656,8.515896300319582,14.127825599862263,21.32686526584439,12.917373872362077,1.2390646245330572,25.23135034367442,106.59627101151273,19.44608516059816,38.55771280825138,1,1,1,1,3,1,1,3,2,1,2,1
8,128,1,15,1,0,0,1,1,0,22.874021213501692,9.721287675434723,13.572121981997043,13.243181863799691,16.015014932025224,7.770386787131429,4.64114029891789,47.38059907220304,49.62592327967286,15.896759745664895,38.89323471812531,2,0,1,3,1,1,0,1,2,1,2,4
9,129,0,0,1,0,1,1,1,0,23.70033998042345,6.992795400787145,10.362620041705668,6.455990556627512,13.568791836732998,16.28423013840802,1.9628229974769056,24.56406007753685,76.74114936031401,6.962344907224178,13.57067977776751,2,0,1,1,2,0,0,1,1,1,2,4
9,130,1,1,1,0,1,1,1,0,20.092561868950725,5.503383520524949,9.560031210072339,18.979681124910712,18.56161427521147,6.867615047842264,0.9626257116906345,70.26177880354226,72.60855327825993,23.464448950253427,21.875716203358024,2,0,1,2,2,0,1,3,1,1,2,3
9,131,1,2,1,0,1,1,1,0,12.20355034340173,11.249643489019945,12.199378985445946,15.77901798300445,16.965556492796168,12.005618742201477,3.1191585038322955,54.325939090922475,62.19694877276197,29.095888007432222,44.781626113690436,2,0,1,2,3,0,0,2,1,1,2,5
9,132,1,3,1,0,1,1,1,0,8.58857664745301,9.65499381814152,4.244874929077923,6.448756565805525,14.587607216788456,15.399190795607865,0.6449870148207992,56.59920499660075,41.36216890299693,14.266763180494308,21.983418917516246,1,0,2,2,2,1,1,2,1,1,2,1
9,133,1,4,1,0,1,1,1,0,10.965461223386228,5.90423146658577,13.660037220921367,15.39691336802207,17.06921333936043,15.658146549481899,3.4761615155730397,75.618408145383,69.53108919551596,21.547054811380804,34.44610215141438,3,1,2,1,1,0,0,1,1,1,2,5
9,134,1,5,1,0,1,1,1,0,22.265390045940876,4.182309701805934,5.5783267160877585,6.782715560402721,14.793464234331623,4.6515594851225615,4.481302172644064,60.85144579876214,148.25575572438538,10.693890838883817,48.241483117453754,3,1,1,3,3,0,1,2,1,1,2,5
9,135,1,6,1,0,1,1,1,0,5.076572694815695,7.324587075971067,10.355633567553014,12.267407918116078,11.18667276459746,15.805057507473975,0.9561234631109983,45.14667969197035,56.67750456370413,16.38474018778652,38.34951238241047,2,1,1,1,2,1,0,3,1,1,2,1
9,136,1,7,1,0,1,1,1,0,22.40060002543032,4.6670198128558695,16.980118027422577,12.927943664835766,24.983405807521194,17.359419369138777,3.672985795419663,51.932891751639545,149.49824171839282,24.426037683151662,16.651908099884167,2,1,1,3,1,1,0,1,1,1,2,5
9,137,1,8,1,0,1,1,1,0,13.821363183669746,4.662023605545983,13.766414754092693,19.06393820187077,19.12404103623703,10.510657295584679,3.5623389843385667,33.76612058375031,108.38049996411428,16.526202373206615,49.32978929253295,3,1,2,1,1,0,1,3,1,1,2,4
9,138,1,9,1,0,1,1,1,0,22.940488262102008,9.659301651176065,7.192480001598597,8.300379577558488,10.408032261766493,17.7424820587039,2.265731206862256,57.741298410110176,86.46358499769121,18.550386261194944,47.2918634081725,1,0,2,1,3,1,0,3,1,1,2,1
9,139,1,10,1,0,1,1,1,0,18.59365242999047,6.511887243250385,14.25163130601868,8.915025218157098,14.89440776524134,15.52905819984153,0.34109084983356297,26.948751593008637,89.89722247002646,18.435063413344324,36.86514604371041,2,0,3,1,3,1,1,2,1,1,2,3
9,140,1,11,1,0,1,1,1,0,18.025864423252642,6.526204828871414,6.407823374029249,17.03744164435193,13.951121835969388,13.150534568354487,2.805716225411743,23.003667811863124,54.20940135139972,14.499118449166417,34.63772353366949,3,1,3,3,2,1,1,2,1,1,2,5
9,141,1,12,1,0,1,1,1,0,12.270216755568981,11.340309655526653,12.461000985465944,12.531605495605618,23.72357174847275,8.57877206010744,1.0976785467937589,26.462818258441985,139.69255238072947,15.770317711867392,42.277969097485766,3,1,1,3,3,1,0,1,1,1,2,5
9,142,1,13,1,0,1,1,1,0,11.504711350426078,4.166421768721193,12.790426323190331,12.42061966098845,17.788154161069542,14.35794659005478,0.25666525354608893,43.3412015857175,85.54951763246208,28.336785561405122,35.90159616316669,1,0,3,1,3,0,0,2,1,1,2,4
9,143,1,14,1,0,1,1,1,0,20.299630123190582,10.449204031610861,14.143540401011705,11.97703143930994,16.332436084747314,4.642514660023153,3.855383825721219,61.93105005659163,59.349411744624376,14.340868382714689,44.56746429903433,1,1,1,2,1,1,0,3,1,1,2,5
9,144,1,15,1,0,1,1,1,0,6.378385997377336,4.4346135975793,7.059242274612188,6.2320284196175635,10.219669572776183,13.101190874818712,2.595740652177483,22.32111840043217,61.706651016138494,27.18308014795184,34.56309449044056,2,0,2,1,3,1,1,1,1,1,2,3
10,145,0,0,1,0,1,1,1,1,5.5901484889909625,11.958154124440625,18.79994488088414,12.16831860691309,26.120599815621972,15.748706618323922,0.5305957919918001,16.843280754983425,113.27238963916898,9.968964451691136,16.67190122883767,1,0,1,1,1,0,0,1,3,1,2,1
10,146,1,1,1,0,1,1,1,1,16.955539477057755,9.811367567628622,14.814062957186252,16.76918141776696,19.455460926750675,11.812624521553516,4.973175494233146,43.275331826880574,127.76921343291178,16.807588948868215,40.51811408018693,1,0,1,2,2,1,0,1,3,1,2,5
10,147,1,2,1,0,1,1,1,1,13.048602137714624,6.28289007791318,10.479613407049328,9.349185660248622,23.820887693203986,4.778280434664339,4.4250197894871235,78.96755368448794,118.91640779795125,17.210620581172407,45.07923111435957,2,1,1,1,3,1,0,1,3,1,2,1
10,148,1,3,1,0,1,1,1,1,19.96300291735679,8.779785494087264,8.615376399829984,9.592581547331065,18.14093024749309,11.9526127576828,2.6318430132232606,70.306525984779,141.26523970859125,27.643311149440706,47.97668757033534,3,1,2,3,3,1,1,3,3,1,2,6
10,149,1,4,1,0,1,1,1,1,7.384993983432651,7.539175936253741,17.922497584018856,7.581215833779424,18.738186398753896,15.262019485235214,0.044964717235416174,35.66798572894186,125.10665450477973,28.78638397436589,39.966287206625566,3,1,2,2,1,0,0,2,3,1,2,6
10,150,1,5,1,0,1,1,1,1,8.303211387246847,11.263238977873698,15.94740361906588,9.831720849033445,11.804372990503907,7.911669043824077,2.2880471171811223,46.36849020142108,67.03544341260567,29.34420820325613,21.631040406646207,2,1,1,2,3,1,0,2,3,1,2,1
10,151,1,6,1,0,1,1,1,1,16.049389666877687,6.579315262148157,7.949180671945214,16.56837688293308,22.884008338907734,11.259914684575051,3.3595041115768254,40.633837319910526,106.60065703559667,10.818165242671967,32.153172115795314,1,0,1,3,3,0,1,2,3,1,2,6
10,152,1,7,1,0,1,1,1,1,9.781481269747019,8.833659038878977,17.592908749822527,8.235736796632409,8.545626196078956,8.436943385284394,0.6261781754437834,51.796146421693265,89.70668068388477,13.181461375206709,36.76270913798362,3,0,3,2,3,0,0,2,3,1,2,1
10,153,1,8,1,0,1,1,1,1,17.999661904759705,3.5288077604491264,15.340733140241355,8.468919055303559,24.270035059424117,14.677656434010714,3.7738568638451397,74.6899527637288,128.84041493292898,27.894425224512815,47.53223499516025,2,0,1,1,2,0,1,3,3,1,2,1
10,154,1,9,1,0,1,1,1,1,7.876111366786063,4.454984455369413,12.485031003132463,5.707219168543816,15.742490305798128,6.400977488141507,2.261386454338208,74.76581586059183,144.00703174062073,24.718437865376472,15.952385308919474,2,0,2,3,3,1,0,2,3,1,2,6
10,155,1,10,1,0,1,1,1,1,22.00571068096906,9.967318089678884,13.367475239560008,10.975429993122816,20.98673729551956,12.926593283191323,0.5561906576622277,54.62125453632325,92.01158847194165,19.17469868902117,36.997895698295906,2,0,1,2,1,1,0,3,3,1,2,5
10,156,1,11,1,0,1,1,1,1,24.59114811848849,5.553117863601074,15.078662911895663,13.866027380572632,17.420150534249842,14.640658513642848,2.4760918121319264,79.89193501416594,86.48360166698694,28.622854347340763,46.7302199092228,3,1,1,1,2,1,0,1,3,1,2,6
10,157,1,12,1,0,1,1,1,1,24.570848485454917,11.102808825206012,6.214260794688016,9.76072538876906,9.034784639487043,17.29034911142662,2.1452807541936636,69.00683572050184,138.73522648820654,25.415097400546074,18.33206038805656,2,1,3,2,3,0,0,3,3,1,2,4
10,158,1,13,1,0,1,1,1,1,5.874589281156659,10.15350657259114,12.275539477355778,16.079838955774903,9.911192467203364,10.93115348322317,4.485563305206597,59.99675028491765,95.76720582321286,13.3299631299451,40.80816850066185,2,0,3,2,2,0,0,2,3,1,2,1
10,159,1,14,1,0,1,1,1,1,15.649806610308588,7.451716746669263,7.050610366277397,12.310555881122127,12.563531044172123,14.590519467368722,2.3164864105638117,42.348522203974426,78.34492922993377,12.727548843249679,37.61672682943754,3,1,1,2,2,1,1,1,3,1,2,1
10,160,1,15,1,0,1,1,1,1,11.46784524898976,9.685416606254876,13.742898072581738,13.408653303049505,13.976641393266618,4.844631643500179,4.897617066744715,62.92441949248314,90.80601133173332,16.327228043228388,47.591374908806756,3,1,3,1,2,0,1,2,3,1,2,1
