respondent_id,row_id,is_sp,choice_situation_id,av_walk,av_bike,av_pvt,av_ipt,av_bus,av_drop,tt_walk,tt_bike,tt_pvt,tt_ipt,tt_bus,tt_drop,tc_bike,tc_pvt,tc_ipt,tc_bus,tc_drop,comfort_bus,infra_bike,infra_bus,safety_street,weather,land_use,age_cohort,inc_level,choice
1,1,0,0,1,1,0,1,1,0,5.911129987798631,9.809160368517041,18.38628566591069,14.82296023145318,21.415368382586166,19.35250018024817,0.906668312381953,45.490678595378995,81.53700617607683,6.543870239984244,36.994749112054706,1,0,0,1,3,3,2,1,5
1,2,1,1,1,1,0,1,1,0,18.85606812313199,8.764561323914677,17.919776872731745,14.835586986737326,20.04501795885153,11.616924345958978,2.9707101022358984,37.34958423767239,56.18250120431185,29.260484650731087,46.58046657918021,1,0,1,1,1,3,2,1,4
1,3,1,2,1,1,0,1,1,0,11.363620152696967,5.08463206817396,5.999200313352048,11.21819503721781,15.033313547028229,9.163836312945932,0.7622237387113273,28.328363806940615,65.63375093974173,19.319249005056918,24.309042412787676,1,1,1,0,3,3,2,1,2
1,4,1,3,1,1,0,1,1,0,9.130627792328596,4.147784852189943,14.54631010023877,18.425680387299508,14.365867190063,13.311612724792212,0.4742033046204597,43.038178267888725,70.18220090307295,26.292800777591765,30.69807194871828,1,0,0,1,1,3,2,1,1
1,5,1,4,1,1,0,1,1,0,19.203648027032614,3.005622959928587,10.654432037379593,8.301783277420327,14.456881141290069,12.578794045839459,1.7589895462151617,26.668125460855663,66.79814199917018,23.361111748963594,29.61763728875667,1,1,1,0,1,3,2,1,5
1,6,1,5,1,1,0,1,1,0,8.501053005456924,4.176261224085465,13.143426950555295,10.152747083920985,19.164888175437227,8.485225394833833,0.9384555963333696,66.93765807896852,50.295448538381606,19.3355808313936,32.90269109653309,2,1,1,0,2,3,2,1,5
1,7,1,6,1,1,0,1,1,0,23.28876373823732,8.47861484088935,9.74965687142685,7.206420364091173,23.90009665559046,8.217204599641263,0.3036028577480465,76.86361640226096,119.2655900772661,12.84588591195643,34.22496296232566,1,0,1,0,3,3,2,1,4
1,8,1,7,1,1,0,1,1,0,9.39535262528807,6.325399792520329,17.779068848583847,7.3130345123354346,9.547747998032719,5.98669670894742,3.4500355075579137,57.15538900345564,138.05335288634524,23.459981852211058,40.797720827395096,2,0,0,0,1,3,2,1,4
1,9,1,8,1,1,0,1,1,0,11.234044041484594,6.68527457350865,4.146539565641433,7.7577428601216525,22.32639842107892,7.236264948733151,1.1954997782595456,24.601469920016825,67.02960458351299,24.642704110592604,44.66086077853106,2,1,1,1,2,3,2,1,1
1,10,1,9,1,1,0,1,1,0,9.337855256162584,7.002912018215284,7.051869362127036,12.534493448911235,14.016377721447498,13.09979222342372,1.8735697830561548,41.32672284729779,98.7056740000844,24.806687207892537,22.738602823810652,2,1,0,1,1,3,2,1,4
1,11,1,10,1,1,0,1,1,0,18.36569299455732,8.562160859350115,9.211332843173295,12.947535287821665,22.869599828729406,12.144501396920532,4.198838823940605,38.7468898948282,117.91193544398993,15.300356121733785,35.80201179138385,2,1,0,0,1,3,2,1,4
1,12,1,11,1,1,0,1,1,0,11.429655128158629,11.870767959393561,12.679906342644244,19.05971133732237,15.931055939523503,9.695656305644661,3.296151621034369,29.14079701062292,103.0153764039278,14.774520536884665,48.68256277521141,2,0,1,0,2,3,2,1,5
1,13,1,12,1,1,0,1,1,0,8.41290470212698,4.549545717425644,10.74859647732228,8.794473927700892,11.67633142345585,13.441269433125854,0.23831813712604344,62.05118524841964,78.70775023009628,18.178879958577454,43.73329633846879,1,1,0,0,1,3,2,1,5
1,14,1,13,1,1,0,1,1,0,12.90440269280225,7.3006084186490625,11.843545691575855,15.473923922982067,23.56662015314214,12.65691718319431,2.142107543768361,52.52482203301042,46.43263374455273,15.217137141153216,28.90031836577691,3,0,1,0,2,3,2,1,5
1,15,1,14,1,1,0,1,1,0,8.433969877660275,8.697498238412663,8.366176454816014,15.868315196130425,14.781977019272745,17.570989755913615,4.83699185308069,63.60215234104544,68.29384210985154,14.435758693143725,35.75659780879505,3,0,0,1,2,3,2,1,5
1,16,1,15,1,1,0,1,1,0,22.36213613767177,11.331371602602303,16.347685830201954,15.11280263774097,24.152838648762554,11.23022851953283,2.8825951064936817,40.179872354492545,78.20570945506915,10.400486011058092,32.59845659718849,1,1,1,1,1,3,2,1,1
2,17,0,0,1,0,0,1,1,0,7.742121620103717,8.362430540844798,8.374779938021675,6.927336968481541,19.897317207651213,5.973924499703571,0.45177286583930254,17.45830990956165,90.32538356026635,9.466126739280298,13.02164746914059,1,0,1,0,3,2,3,2,5
2,18,1,1,1,0,0,1,1,0,7.071992899291217,3.891376464162022,15.183642556425184,16.76862899796106,8.160308386664838,14.906922359019518,3.6469532595947385,57.8079111687839,92.90019129635766,13.132737027481198,15.287543194135651,2,1,1,1,1,2,3,2,5
2,19,1,2,1,0,0,1,1,0,12.095661950297654,10.22531045624055,15.699923718348145,8.566241074586287,14.01776374457404,15.996395882219076,4.2688168690074235,37.753727324306965,56.17531570373103,24.07984122633934,18.633234087610617,3,0,1,1,1,2,3,2,5
2,20,1,3,1,0,0,1,1,0,10.725706974044442,9.640176627086475,15.676760328467935,9.714061706326902,16.373631312977523,13.763232727069408,3.2073117699474096,58.63537489902228,147.56387453060597,18.294706689193845,19.17916729929857,2,1,1,1,1,2,3,2,4
2,21,1,4,1,0,0,1,1,0,9.584896806627512,8.609677916625515,5.911562758963555,19.512042414862663,16.756220734212548,6.282984609249979,3.1095114757772535,79.15724991355091,113.56486692093313,18.37831793818623,26.31707476102747,1,1,1,0,3,2,3,2,1
2,22,1,5,1,0,0,1,1,0,20.678929574787617,4.740408119279891,4.2487213662825525,11.099117994308472,16.21385037759319,9.905829302500933,1.7140440084040165,71.98899887967855,90.06188560510054,20.67529747262597,48.734516616677865,1,1,1,0,2,2,3,2,5
2,23,1,6,1,0,0,1,1,0,12.454187888652086,9.922745201038197,11.527480562683195,18.709931744961068,11.150039512198418,7.951057843398303,0.4748120659496635,32.629224746488035,147.4808895913884,15.926043507643044,40.40940594160929,1,1,1,1,3,2,3,2,5
2,24,1,7,1,0,0,1,1,0,24.824731117114425,11.874488675734028,5.918944599572569,18.579643724951893,17.797131238738075,9.536284027155489,2.2490124206524342,62.390114068984985,49.07530203694478,16.786251603625715,38.82756429258734,3,0,1,1,3,2,3,2,5
2,25,1,8,1,0,0,1,1,0,24.012425281107426,5.895529839908704,10.698389373254031,5.419888579053804,17.306810956215486,13.01936308760196,2.981317723169923,39.316242542117834,138.02257437026128,22.525138948112726,25.601672035409138,2,1,0,0,2,2,3,2,4
2,26,1,9,1,0,0,1,1,0,24.932344374246895,5.113377082161605,12.577407513745129,6.622677941340953,16.279553689062595,5.392241526860744,0.8058288134634495,36.97957224678248,104.22595695592463,24.634153177030385,20.7932318886742,1,0,0,1,2,2,3,2,5
2,27,1,10,1,0,0,1,1,0,15.476452033035457,6.148216134868562,7.367429822217673,5.872876944486052,12.022535616066307,16.46109078451991,4.059137080330402,64.85097933094949,57.040289836004376,12.494841772131622,49.1154032968916,2,1,1,0,3,2,3,2,4
2,28,1,11,1,0,0,1,1,0,18.82415662985295,5.545671596657485,15.34557292656973,6.40874910634011,21.974511209875345,9.983995929826051,3.779436298646033,59.74313039332628,88.89801366254687,22.54292368888855,15.016287217149511,3,0,1,0,3,2,3,2,5
2,29,1,12,1,0,0,1,1,0,23.653621580451727,4.042016983497888,5.78787963045761,15.17335786134936,15.29212613007985,15.681613691151142,4.857190334005281,24.229338662698865,90.57637125253677,24.0317023685202,18.04290587780997,1,1,1,0,1,2,3,2,5
2,30,1,13,1,0,0,1,1,0,12.32882889918983,5.583901176229119,5.119620772544295,10.481814043596387,11.026234848424792,11.504752088803798,2.5197435601148754,76.7021062085405,77.54534123465419,19.294275483116508,17.88859135704115,1,1,0,1,2,2,3,2,1
2,31,1,14,1,0,0,1,1,0,6.252999966964126,10.335733455838636,8.215995342470706,10.470065419794992,13.305917462799698,4.523179508280009,2.594024616992101,60.74080494232476,139.35569162946194,10.510533968918025,49.61773947579786,3,0,0,1,1,2,3,2,1
2,32,1,15,1,0,0,1,1,0,19.780633710324764,6.1384754434693605,15.60951152862981,13.033120875479653,12.667271181475371,15.213274966925383,0.4582234739791602,69.92646645288914,70.4540579719469,25.062201991677284,48.74533995403908,3,0,0,1,3,2,3,2,5
3,33,0,0,1,0,0,1,1,0,15.597849171608686,9.608271893346682,5.242407213663682,6.763359759002924,33.233767063356936,16.53928308049217,0.4021612321957946,44.261767517309636,88.83900141343474,10.928806421579793,34.36914485646412,1,0,1,0,3,3,1,3,4
3,34,1,1,1,0,0,1,1,0,13.469273019582033,11.546267906902358,13.926530648488551,11.199581121327356,8.31218942324631,11.934277158696204,2.4503172654658556,72.7204412734136,129.41379566909745,27.081999550573528,27.87635817192495,1,1,1,0,1,3,1,3,4
3,35,1,2,1,0,0,1,1,0,15.531801590695977,3.547040023840964,17.56654409132898,6.803556928643957,9.502176117151976,16.330697608646005,2.541853148723021,40.24969983845949,138.37680879980326,10.639432561583817,23.30303940922022,1,1,1,1,1,3,1,3,4
3,36,1,3,1,0,0,1,1,0,21.454347833059728,5.978980457643047,9.2383714299649,14.44618135690689,9.642773631494492,4.307912014424801,4.965223901672289,55.036330739967525,126.0005371645093,27.837922452017665,41.42029087524861,1,1,0,0,1,3,1,3,5
3,37,1,4,1,0,0,1,1,0,5.842160973697901,6.279699734877795,7.832517777103931,17.757012210786343,14.160829111700878,8.262689068447798,3.7956766970455647,70.69007745943964,90.37137171952054,24.592633289285004,18.642752261366695,3,0,0,0,2,3,1,3,5
3,38,1,5,1,0,0,1,1,0,20.97647115588188,10.995677853701636,9.392682306468487,6.354831263888627,18.63764183060266,14.438907042145729,0.42689228663221,38.03105667233467,107.60183730395511,25.05864115897566,47.096999656641856,2,0,0,0,1,3,1,3,4
3,39,1,6,1,0,0,1,1,0,15.058166082017124,6.154902957379818,15.837785721290857,17.096527457470074,9.994630863890052,13.977611769922078,1.176344290142879,24.497405071742833,142.9210761957802,13.143356502987444,37.647007250925526,3,1,0,1,3,3,1,3,5
3,40,1,7,1,0,0,1,1,0,16.74556248355657,10.260249866405502,6.827932924032211,11.891370075754821,15.618432935792953,14.272468614857644,3.573774052783847,69.87331873271614,137.52227329881862,29.052891479805112,34.27158526494168,2,1,1,1,3,3,1,3,4
3,41,1,8,1,0,0,1,1,0,15.791218280792236,4.260931949364021,7.971964875701815,13.745458928169683,10.805440167430788,5.348215549718589,2.143065456766635,41.34569394402206,132.94268938479945,15.20264947321266,15.81005722633563,1,1,0,0,2,3,1,3,5
3,42,1,9,1,0,0,1,1,0,13.578811823390424,8.67696238704957,11.291792917530984,14.894320057937875,20.39913583244197,10.815520226955414,1.9222830783110112,20.410010530613363,40.40526503464207,29.89872880280018,18.776040805969387,2,0,0,0,2,3,1,3,1
3,43,1,10,1,0,0,1,1,0,21.944825961254537,8.51501684077084,15.105138348881155,5.342820251826197,15.08754734415561,16.248353424482048,3.2367350778076798,75.46873920597136,58.944760563317686,16.316255782730877,43.14896977390163,1,1,1,0,3,3,1,3,4
3,44,1,11,1,0,0,1,1,0,16.94706965237856,5.8919559912756085,11.391006004530936,16.93133030552417,9.17185414605774,13.730289762374014,4.74315753672272,36.666159043088555,67.43472437607124,13.188709602691233,17.50705196056515,2,1,1,0,3,3,1,3,5
3,45,1,12,1,0,0,1,1,0,15.275622783228755,5.127059001009911,12.056099378038198,12.23386867204681,17.6789957084693,6.018132411409169,0.7285438128747046,44.73698677960783,115.13113107066602,23.068556408397853,47.05952165648341,1,0,0,1,3,3,1,3,4
3,46,1,13,1,0,0,1,1,0,13.145385798998177,8.718308192677796,15.32056862860918,8.882018020376563,21.93094137823209,4.216687365435064,3.272003832971677,68.70317505672574,90.75058194808662,14.068342032842338,15.656887601362541,3,0,0,0,3,3,1,3,1
3,47,1,14,1,0,0,1,1,0,21.022974723018706,6.668675919994712,5.451961936429143,9.208477621432394,14.144925749860704,7.629427774809301,2.353409167844802,41.95072839502245,53.33992596948519,10.93987361062318,24.197870646603405,1,1,1,0,2,3,1,3,4
3,48,1,15,1,0,0,1,1,0,18.902104888111353,6.269354100571945,16.377870503347367,16.629458444658667,10.366461902623996,8.130129797384143,0.6304139271378517,55.39409742690623,101.78431697422639,23.774422402493656,25.894478316185996,2,0,0,1,2,3,1,3,5
4,49,0,0,1,1,1,1,1,0,18.330114344134927,10.292810926912352,15.557194250868633,16.515536967664957,17.233803626149893,6.458591835107654,1.9248426421545446,48.13503131037578,85.14511217130348,6.798933212412521,26.507771394681185,1,0,1,1,2,2,2,1,3
4,50,1,1,1,1,1,1,1,0,11.524662934243679,9.53758999449201,17.884433295577765,15.727002916391939,16.575476786820218,10.104667405597866,4.744126253062859,27.210889258421957,48.26596942730248,27.780429855920374,29.85582332708873,3,0,1,0,3,2,2,1,3
4,51,1,2,1,1,1,1,1,0,7.285085404291749,7.569145768415183,11.67245202511549,7.109692841768265,10.886073851492256,14.667794524226338,2.636974703054875,71.65936145465821,114.0910486667417,10.260820593684912,39.26196154789068,1,0,1,0,1,2,2,1,4
4,52,1,3,1,1,1,1,1,0,19.90683684591204,11.483389756875113,9.890967258717865,9.46584617253393,12.410253392532468,7.120338436681777,2.828271717298776,65.39900796953589,113.65639005089179,20.93045588582754,43.40122802183032,1,1,1,1,1,2,2,1,1
4,53,1,4,1,1,1,1,1,0,15.85196740925312,10.671281401533633,12.169880086090416,15.024854652583599,16.69234814075753,14.678508250042796,4.516811439534649,69.22847073059529,47.857503457926214,10.07792686112225,16.826951554976404,1,0,1,0,2,2,2,1,5
4,54,1,5,1,1,1,1,1,0,12.678733430802822,5.875979065429419,15.317407574038953,5.628792477073148,14.18362581031397,15.992357537616044,3.4897328924853355,61.06918837875128,78.28165580052882,21.093636588193476,19.803526614559814,1,0,1,0,2,2,2,1,1
4,55,1,6,1,1,1,1,1,0,8.173767952248454,7.733768467325717,16.224119145423174,18.045591054251418,8.402706935070455,17.66245570871979,2.4511209910269827,43.35021938197315,85.93104558764026,11.858516409993172,20.663322356995195,2,1,1,1,2,2,2,1,5
4,56,1,7,1,1,1,1,1,0,24.131595282815397,3.395699628163129,9.210208398289979,19.439230121206492,18.97226776741445,4.857676600571722,2.04972964245826,45.554308043792844,95.89738931739703,18.991998215205967,36.81414842256345,3,0,0,0,3,2,2,1,5
4,57,1,8,1,1,1,1,1,0,14.567388934083283,10.037720232037827,4.644371680449694,17.297670016996562,12.579943606397137,7.959905803203583,3.216107797343284,76.88713026698679,40.7698299898766,17.03235344029963,29.666600371710956,2,0,0,0,1,2,2,1,4
4,58,1,9,1,1,1,1,1,0,7.757167313247919,4.379293902078643,6.678370616398752,11.49777710903436,9.482728131348267,7.132920014671981,2.8607433976139873,44.01015070267022,102.2011918737553,26.592477574013174,37.47398368199356,2,0,1,1,2,2,2,1,3
4,59,1,10,1,1,1,1,1,0,22.068604775704443,10.629652419593185,10.690415375400335,16.6053818364162,13.02180136856623,4.91879356559366,2.2026656242087483,47.7259314712137,77.50278071966022,13.702806374058127,32.74492044001818,3,0,0,0,2,2,2,1,3
4,60,1,11,1,1,1,1,1,0,14.224331406876445,10.134645075537264,12.197918068617582,10.921384787652642,21.791034943889827,8.459883314557374,2.9072366910986602,47.329337475821376,69.56837947946042,21.103544095531106,23.093080951366574,2,1,1,0,2,2,2,1,3
4,61,1,12,1,1,1,1,1,0,16.190917384810746,6.841970188077539,10.268221377395093,17.499421574175358,20.232983806636184,10.396414577495307,2.606321314815432,34.54742465633899,48.34469181485474,17.825901824980974,15.45878755976446,1,0,0,0,1,2,2,1,5
4,62,1,13,1,1,1,1,1,0,16.10627183690667,5.487958953715861,13.22877096151933,8.651528636692092,12.900525480974466,14.020933419466019,3.637668165611103,30.38258232176304,73.69423846947029,17.39814553409815,17.720254401210696,1,0,1,0,2,2,2,1,2
4,63,1,14,1,1,1,1,1,0,21.97828168515116,10.902375972596928,15.206669234205037,14.602227297145873,18.6917719328776,7.799726065713912,0.1496991270687431,45.191852897405624,79.09781381487846,17.846625079400837,21.017789132893085,3,1,0,1,3,2,2,1,3
4,64,1,15,1,1,1,1,1,0,21.137105957604945,7.321137929102406,15.287471164017916,6.185085225151852,9.960735962260514,5.811828053090721,3.6937427101656795,65.42591200675815,149.17008394142613,22.491059745661914,25.104153800057247,3,0,0,1,1,2,2,1,2
5,65,0,0,1,1,0,1,1,0,6.445731618441641,13.08964736526832,12.193161169998348,12.25966053456068,17.47806939180009,8.664623743388802,0.843620263505727,57.1996579610277,53.803660492412746,13.528531310148537,16.065537030808628,1,0,0,1,2,4,1,1,1
5,66,1,1,1,1,0,1,1,0,23.6219928227365,8.115042108809575,5.648785047698766,13.471917222486809,17.184355109231547,15.47555525880307,3.5148975194897503,54.064902416430414,119.34401929145679,25.04888426978141,28.349790886277333,3,0,1,0,2,4,1,1,5
5,67,1,2,1,1,0,1,1,0,24.075172492302954,4.954654046567157,9.67875373410061,14.385024731745943,18.68288166471757,8.595341298729181,0.6945474597159773,74.879430225119,105.90275640133768,24.992141919210553,47.16341608087532,2,1,1,0,2,4,1,1,2
5,68,1,3,1,1,0,1,1,0,12.516868733800948,4.866289498284459,10.429371441248804,8.622533751185983,10.017735480563715,5.014568096026778,3.4549492492806166,37.217457154765725,56.4353745104745,29.44864018354565,29.368003661511466,2,0,0,1,2,4,1,1,2
5,69,1,4,1,1,0,1,1,0,12.944920104928315,3.846012533409521,12.88854967057705,5.037182153901085,11.578895076643676,13.50631933286786,4.330945651745424,67.98182693310082,54.84960381872952,17.749965153634548,42.59651751606725,1,0,1,0,2,4,1,1,2
5,70,1,5,1,1,0,1,1,0,5.5219544330611825,4.75654288684018,16.337283907458186,6.647023902041838,24.465365774929523,9.39278030069545,4.292957036523148,73.24308527633548,93.80006483988836,24.36183617915958,32.03469504020177,1,1,1,0,2,4,1,1,1
5,71,1,6,1,1,0,1,1,0,24.977652980014682,5.301058053039014,11.110259396024048,6.184567663585767,21.83236219524406,9.350508241914213,4.010913539677858,31.875418205745518,144.10397472325712,16.913449484854937,33.27175865531899,3,0,0,1,2,4,1,1,4
5,72,1,7,1,1,0,1,1,0,22.176006785593927,7.778421604307368,4.064934111200273,9.163401202531531,13.528453432023525,12.241887872572988,1.2484235037118196,22.58703684899956,52.17466663336381,24.075076240114868,47.86574335885234,3,1,1,0,2,4,1,1,2
5,73,1,8,1,1,0,1,1,0,10.58567610103637,8.136418740497902,4.589792168699205,7.860761831980199,20.360470001818612,15.573660704307258,2.55360537674278,54.063569945283234,40.127140171825886,12.875562063418329,45.30884790583514,3,1,0,0,3,4,1,1,1
5,74,1,9,1,1,0,1,1,0,5.635146414861083,4.317811898421496,13.843021635897458,5.98341062781401,18.570720059098676,17.12258311547339,0.43947307392954826,78.36821055971086,42.861178156454116,24.50455904006958,30.879723706748337,2,0,0,0,2,4,1,1,4
5,75,1,10,1,1,0,1,1,0,12.843929692171514,4.818787098862231,15.93892545439303,14.102452262304723,20.853666235227138,11.875235322397202,1.37949506402947,64.1335042193532,100.42077732505277,16.922540878877044,33.02379721775651,1,0,1,0,2,4,1,1,4
5,76,1,11,1,1,0,1,1,0,20.411940938793123,9.601036994950846,15.744683975819498,13.535732636228204,8.44677425106056,10.80578119540587,2.7134051639586687,70.19960701465607,120.15309919370338,21.10227613709867,17.569503909908235,3,0,1,1,2,4,1,1,2
5,77,1,12,1,1,0,1,1,0,9.737451910041273,9.343900655396283,5.5065236310474575,16.68603302910924,12.336796616902575,11.672606564126909,0.1695076038595289,68.36656856816262,77.15280879056081,28.325717160478234,27.498724625911564,1,1,1,1,3,4,1,1,1
5,78,1,13,1,1,0,1,1,0,15.251499433070421,5.8831690640654415,12.140064207371324,14.26016612444073,15.450667140539736,6.385165728628635,3.5754024831112474,64.8671929212287,132.83061789348722,20.695180939510465,25.578234153799713,2,1,1,0,1,4,1,1,5
5,79,1,14,1,1,0,1,1,0,18.00378173124045,7.827239377889782,12.364326132461429,5.3734740416985005,8.082309572258964,5.839295561425388,0.12408551876433194,25.52776711527258,92.31140465475619,13.933135224506259,43.51358819985762,3,1,0,1,1,4,1,1,5
5,80,1,15,1,1,0,1,1,0,9.669910501688719,5.689703928306699,6.231898715719581,13.783506562467664,10.529225610662252,6.50683383597061,1.6961075249128044,31.03411633055657,84.6095674415119,22.271192367188632,38.99849670357071,1,1,0,1,2,4,1,1,1
6,81,0,0,1,1,1,1,1,1,22.390645830892026,4.669218618888408,8.523494011024013,21.888248205184937,26.954943194286898,11.532302007544786,0.754619883839041,35.75328109553084,102.16666844906285,14.944504628656432,23.98010992212221,1,0,0,1,2,2,2,3,3
6,82,1,1,1,1,1,1,1,1,14.942372185178101,5.197125798091292,14.614597545005381,13.20954016293399,24.11713723698631,5.206410693004727,4.739412924973294,63.343932083807886,141.42050651833415,22.276818873360753,20.63382754684426,3,0,0,1,1,2,2,3,3
6,83,1,2,1,1,1,1,1,1,22.113533820956945,8.224756441544741,9.820117119699717,18.98859177948907,15.865880304947495,5.390848618932068,2.327246816130355,79.0450314572081,141.7800152511336,18.707975270226598,45.44022505288012,3,0,0,1,2,2,2,3,5
6,84,1,3,1,1,1,1,1,1,22.233349084854126,8.909694038098678,11.228565029799938,7.231723751174286,18.417020349064842,4.587535465601832,2.4917949631344527,64.37049329746515,122.92897573439404,11.261874823831022,30.486867668805644,2,1,0,0,1,2,2,3,6
6,85,1,4,1,1,1,1,1,1,16.5024123666808,10.183187884977087,7.245533152949065,15.872837383067235,22.246394363231957,5.6637399909086525,4.794751983135939,64.86587506253272,129.19784266501665,13.79835446830839,15.908907211851329,1,0,1,1,2,2,2,3,4
6,86,1,5,1,1,1,1,1,1,6.311498023569584,9.597359939943999,9.54304226487875,11.922317672288045,20.33008917537518,10.580037058331072,4.997619887581095,70.75614750385284,131.10280341468751,25.23288688622415,18.923727213405073,1,0,0,1,1,2,2,3,1
6,87,1,6,1,1,1,1,1,1,16.6428779438138,10.476606560172513,4.189428783021867,5.17282644752413,24.939577023731545,14.719655339140445,1.5733130532316864,68.72070466168225,149.03411391656846,14.015191858634353,37.61130270897411,2,0,0,1,3,2,2,3,6
6,88,1,7,1,1,1,1,1,1,16.132646892219782,8.262390805408359,10.070837456732988,11.392625791486353,18.14652472292073,10.329198188148439,4.78304329328239,70.66582100000232,64.50454629259184,18.40340354014188,29.699402743717656,3,1,1,1,1,2,2,3,3
6,89,1,8,1,1,1,1,1,1,19.624062115326524,6.8945168817881495,14.23736130213365,5.209123287349939,8.77032624417916,9.857801270205528,3.219200010644272,33.18762713577598,131.67869181139395,23.895346270874143,46.469356982270256,2,1,1,1,3,2,2,3,2
6,90,1,9,1,1,1,1,1,1,14.526895103044808,3.4289850268978626,14.829434784129262,9.966759941307828,17.39890000037849,13.46862740488723,1.3866718544159085,23.17134070210159,86.83344420744106,22.20236964058131,49.161611227318645,1,1,1,1,2,2,2,3,3
6,91,1,10,1,1,1,1,1,1,18.651501084677875,5.561534168198705,9.461325999349356,19.852528404444456,21.464097435353324,8.373672121670097,4.085588651942089,33.25458633247763,95.11812023120001,13.339445926249027,19.188071807147935,1,1,0,1,3,2,2,3,5
6,92,1,11,1,1,1,1,1,1,12.173205995932221,3.225926691899076,14.445310371462256,5.44438365730457,15.37570212688297,7.5927756619639695,2.4900761048775166,59.2013138346374,49.20225742273033,13.6094492347911,18.656187555752695,1,0,0,1,2,2,2,3,6
6,93,1,12,1,1,1,1,1,1,20.871155173517764,10.982425008667633,13.115779214072973,13.892948963912204,13.572975595481694,5.059651151299477,2.9569362103939056,30.700205811299384,121.54851365368813,15.877524162642658,37.371503374306485,3,1,0,0,3,2,2,3,4
6,94,1,13,1,1,1,1,1,1,7.5601817993447185,8.479482631897554,10.57393622584641,13.359366283984855,20.416677337838337,10.578021642751992,4.943050295114517,79.0801030723378,83.2613149122335,22.176942750811577,27.09193055285141,2,1,1,1,3,2,2,3,4
6,95,1,14,1,1,1,1,1,1,14.380880109965801,10.657486922107637,12.144071468152106,7.803323935950175,18.354036634787917,16.50678426399827,3.9716058294288814,50.24557003751397,86.53311011148617,23.087625754997134,46.07084800605662,1,1,1,1,1,2,2,3,3
6,96,1,15,1,1,1,1,1,1,21.58143389504403,9.939416672335938,17.211651663295925,12.00436390354298,23.97754600760527,14.992561193648726,4.373039375059307,43.667759206146,50.966907686088234,15.53922840859741,40.27777178911492,2,1,1,0,3,2,2,3,2
7,97,0,0,1,0,1,1,1,1,20.70156719069928,8.400689831003547,19.02953494573012,12.248271532356739,20.598982678493485,9.296325516188517,1.2234968170523643,40.14657323830761,33.59704215545207,16.17922920268029,16.19462262140587,1,0,0,0,1,1,2,1,6
7,98,1,1,1,0,1,1,1,1,9.47614444885403,7.8511741978581995,17.949207681696862,9.933748053153977,13.496713501634076,4.494529250077903,2.628059262642637,55.808414900675416,121.62953251041472,29.056742591783404,32.136743324808776,3,1,0,0,1,1,2,1,1
7,99,1,2,1,0,1,1,1,1,18.05363269522786,7.393400087021291,6.628593809437007,15.695495911641046,9.446189501788467,10.456791678443551,4.679536533076316,70.71762007195503,118.78053886117414,12.476126966066658,35.81896114512347,1,0,1,1,3,1,2,1,4
7,100,1,3,1,0,1,1,1,1,12.256499934010208,11.510599342407659,11.816465159878135,12.689917263342068,24.112118280259892,5.537222337909043,4.0945377526804805,42.64052640646696,101.23051526024938,16.277423733845353,17.882000810932368,1,1,0,1,3,1,2,1,5
7,101,1,4,1,0,1,1,1,1,13.934857328422368,3.28283997788094,17.118231813888997,18.064759314293042,18.221186817623675,8.186216388829052,4.046731375856325,77.1285431040451,133.72593683889136,12.546194717288017,48.910882242489606,2,1,1,1,1,1,2,1,1
7,102,1,5,1,0,1,1,1,1,23.621325716376305,6.318208941025659,17.642368238419294,17.35615522833541,21.38663067552261,12.719561685342342,4.836774644209072,49.99510943889618,138.30651595955715,18.020864939317107,30.663956337375566,1,0,1,1,2,1,2,1,6
7,103,1,6,1,0,1,1,1,1,24.84106241259724,11.000551115255803,8.840575197711587,15.587661875179037,23.448319680057466,13.468100420664996,3.1955013563856483,28.976271622814238,106.12379290396348,15.455024717375636,31.02486798656173,3,1,0,1,3,1,2,1,3
7,104,1,7,1,0,1,1,1,1,19.25912186037749,8.520182869629934,5.849707527086139,6.050108798081055,24.426505220588297,9.155783891677856,3.387270423118025,70.75710382312536,66.58154238481075,10.703019821085036,35.833408285398036,1,1,1,0,1,1,2,1,4
7,105,1,8,1,0,1,1,1,1,15.205600359477103,4.397377223242074,15.841914077289402,8.21570638450794,19.387845162069425,12.64859031746164,0.24999888497404754,76.96392653509974,104.0807234775275,27.21908674109727,33.14635372720659,3,0,0,0,2,1,2,1,3
7,106,1,9,1,0,1,1,1,1,17.36824670340866,7.043434628751129,12.437905457802117,5.06913461140357,24.914906712947413,9.690474277827889,0.5897581856697798,72.17234571930021,99.42122522275895,27.631953358650208,16.313894366612658,1,0,0,0,2,1,2,1,1
7,107,1,10,1,0,1,1,1,1,9.16149340569973,3.2439503443893045,8.421103009488434,14.901683744974434,13.349752112524584,17.222459429409355,3.8948528992477804,40.36587477661669,92.98108911374584,18.31989597529173,42.171686481451616,2,1,0,1,1,1,2,1,3
7,108,1,11,1,0,1,1,1,1,23.12436383217573,10.679916161578149,10.46749287750572,6.070223724236712,17.822663315571845,12.114110676106066,4.967883884673938,40.11646486353129,113.34819515934214,28.771120039746165,35.11998922331259,1,1,0,0,3,1,2,1,3
7,109,1,12,1,0,1,1,1,1,22.72612559143454,7.460340935038403,13.4185521886684,9.237566569354385,21.88999114977196,7.445392364170402,1.8482309696264565,34.13146370090544,142.9332618555054,18.301536566577852,19.81072918861173,1,1,0,1,2,1,2,1,6
7,110,1,13,1,0,1,1,1,1,5.91811893042177,10.060931119602174,6.788404283113778,10.877753663808107,13.500558159081265,12.429482670966536,2.706358397845179,79.44942396134138,67.91701540350914,24.70539786387235,49.216285636648536,2,1,0,1,2,1,2,1,1
7,111,1,14,1,0,1,1,1,1,10.479144253768027,4.416217822115868,16.205733031965792,13.43067284557037,17.361725890543312,12.293113998603076,3.6390643136110157,58.33551707677543,107.5895181321539,11.04833701159805,34.780521353241056,2,0,0,1,3,1,2,1,1
7,112,1,15,1,0,1,1,1,1,21.606071847490966,4.31318887649104,14.969421012327075,12.296751186950132,24.81750679272227,10.987469363491982,2.8113026753999293,42.6954212365672,97.05009170575067,11.485675843432546,33.84653204586357,1,0,1,1,3,1,2,1,3
8,113,0,0,1,0,0,1,1,0,15.43651629704982,7.1784191250335425,5.260658022016287,16.693592477589846,11.674399117473513,17.545796402264386,0.27068631164729595,44.514514880720526,105.41529559297487,8.864719941047952,14.079858553595841,2,0,0,1,1,1,2,2,5
8,114,1,1,1,0,0,1,1,0,12.468873299658298,9.978149356786162,11.814855581149459,7.3285493173170835,24.82011362304911,7.422250024974346,0.6518925609998405,32.76086812373251,81.80046731838956,17.192423376254737,25.593171713408083,3,0,0,1,1,1,2,2,4
8,115,1,2,1,0,0,1,1,0,15.846996293403208,10.059583565220237,13.07018381357193,7.173397205770016,13.467835411429405,17.31477815657854,0.9409924549981952,65.02425490878522,90.507432280574,12.827300978824496,22.181757661746815,1,1,1,1,2,1,2,2,4
8,116,1,3,1,0,0,1,1,0,14.283069274388254,4.489583061542362,16.009290348738432,7.348278459394351,9.501637773122638,16.50784880667925,1.5031025419011712,65.12520026415586,84.17673127958551,18.971162121742964,20.588589307153597,3,1,0,1,2,1,2,2,4
8,117,1,4,1,0,0,1,1,0,6.113534304313362,3.048566785873845,7.105678815860301,17.76444835937582,12.544885504059494,12.380403825547546,3.042998486198485,79.52950642444193,61.0308956890367,25.067811692133546,23.48355680005625,3,1,0,1,1,1,2,2,1
8,118,1,5,1,0,0,1,1,0,7.229535914957523,5.256628054892644,13.526672443374991,13.658814451191574,15.0779040355701,14.208537410013378,2.8709486650768667,54.65810894034803,104.89990401780233,14.45856680162251,18.62223045201972,1,0,0,0,1,1,2,2,5
8,119,1,6,1,0,0,1,1,0,8.495502746663988,6.917592619545758,14.674414628650993,18.785439665662125,23.41385890962556,15.417179605923593,0.9987647132948041,22.97753511928022,92.6843378180638,21.807867377065122,18.381708253873512,1,1,0,1,2,1,2,2,4
8,120,1,7,1,0,0,1,1,0,20.292263235896826,9.05313279479742,5.619322633370757,17.769522313028574,18.505347112193704,15.709761783946306,0.8496411237865686,20.6168732047081,75.58167043840513,15.393654489889741,43.8841474626679,1,1,0,0,2,1,2,2,4
8,121,1,8,1,0,0,1,1,0,20.351985543966293,7.6970613012090325,9.523105239495635,19.486802503233775,8.83275419077836,6.146315803285688,3.4841953276190907,63.667152393609285,51.92173570161685,19.2913709115237,37.47439376777038,2,0,0,1,3,1,2,2,5
8,122,1,9,1,0,0,1,1,0,6.8903106125071645,3.241879561683163,8.346766260452569,16.136583029292524,24.321567609207705,9.821237278170884,2.6111770363058895,24.051183727569878,109.28259859792888,17.068275744095445,29.86501282430254,1,0,0,1,3,1,2,2,5
8,123,1,10,1,0,0,1,1,0,21.750450511462986,9.485643382184207,7.934887195471674,8.149863451253623,16.400555433239788,11.304539315402508,1.099159058649093,65.78640214167535,42.69716183654964,24.22971890307963,44.431065970566124,1,0,1,1,1,1,2,2,4
8,124,1,11,1,0,0,1,1,0,22.000534487888217,7.71539769298397,10.096477825660259,18.969421196961775,10.79735673055984,9.30303748883307,0.6902246852405369,28.983264630660415,114.40919721266255,21.24232311733067,31.50769549771212,1,0,0,0,3,1,2,2,5
8,125,1,12,1,0,0,1,1,0,5.998055785894394,4.372983324341476,5.389804061036557,9.20222114189528,14.586653436301276,12.87822300940752,3.535318044014275,39.56109912600368,146.17016466101632,23.929088949225843,20.63773679547012,2,1,1,0,3,1,2,2,4
8,126,1,13,1,0,0,1,1,0,24.43225605878979,4.119786713970825,12.824061072431505,15.55800508824177,18.05040483130142,17.951227797660977,0.2266805071849376,79.40435227472335,121.98369402438402,18.734991955570877,20.35522920661606,2,1,1,0,3,1,2,2,5
8,127,1,14,1,0,0,1,1,0,21.848238590173423,3.3617981364950538,15.086221456993371,19.424426562618464,19.235648287227377,4.122043867595494,2.328946121269837,62.99683092162013,43.100032079964876,26.909651174210012,41.12453931593336,3,0,0,1,2,1,2,2,1
8,128,1,15,1,0,0,1,1,0,22.01949516776949,10.029659116873518,13.60179263772443,13.870536680333316,14.855644687544554,5.796873576007783,4.100822322070599,63.003228339366615,126.71573377214372,10.366320023313165,21.10715493443422,2,1,0,0,3,1,2,2,5
9,129,0,0,1,0,1,1,1,1,17.79850284103304,10.204466808354482,9.583047792548314,10.256144501268864,25.81251973984763,17.461367503274232,0.10271123051643372,59.655076627386734,31.987847357522696,7.697583335684612,19.860762245953083,2,0,0,0,3,2,1,2,4
9,130,1,1,1,0,1,1,1,1,17.96405678614974,5.925375160994008,10.525924413464963,19.1361092554871,12.172893076902255,4.314398829359561,4.835359152639285,35.602931417524815,111.95179381640628,11.507624750956893,48.92361346515827,1,0,1,0,3,2,1,2,6
9,131,1,2,1,0,1,1,1,1,24.985476662404835,11.883334871381521,10.720648776739836,16.434125993400812,13.586402725195512,7.307343861553818,3.089300151914358,40.42695592623204,46.423013038001955,29.638916444964707,39.08140425919555,1,1,1,0,3,2,1,2,6
9,132,1,3,1,0,1,1,1,1,22.9163167020306,4.378419701009989,7.620982310734689,8.660370203433558,13.301703425589949,7.0974536538124084,0.1527342142071575,74.18219654355198,145.53372107213363,28.85697322897613,30.86550139938481,2,1,1,0,2,2,1,2,6
9,133,1,4,1,0,1,1,1,1,15.551986121572554,4.5324305857066065,11.54038287512958,6.657401676056907,18.439785584574565,11.629669977817684,1.1381434625945985,74.09051915630698,61.837908036541194,18.436242351308465,45.95266503049061,3,1,0,0,1,2,1,2,3
9,134,1,5,1,0,1,1,1,1,22.88461919873953,4.521624210756272,12.694981927983463,15.841407945845276,11.233674777904525,11.962017031852156,3.357656637672335,75.15265392139554,75.81156675936654,20.935041406191885,15.174691252177581,2,0,0,0,3,2,1,2,6
9,135,1,6,1,0,1,1,1,1,9.032145105302334,8.281735873315483,13.730979701969773,12.924322218168527,14.281865671509877,13.77861367771402,2.3685222864151,33.84847088251263,89.95481662917882,11.583838383667171,24.018820080673322,2,1,1,0,1,2,1,2,6
9,136,1,7,1,0,1,1,1,1,6.46417130716145,3.888735343236476,17.249537845607847,18.96325111738406,23.664676207117736,13.099141076672822,0.7817518303636461,74.60862012580037,141.42680765828118,13.384812278673053,17.56785604520701,2,1,1,1,1,2,1,2,5
9,137,1,8,1,0,1,1,1,1,10.647101043723524,9.569804827217013,10.943603603634983,5.994024516548961,8.640013119438663,7.326191036496311,1.0919805511366576,45.34317649435252,100.47267963876948,24.274752093479037,23.399793803691864,1,1,1,1,2,2,1,2,3
9,138,1,9,1,0,1,1,1,1,16.42871901858598,10.908255686983466,9.728845903649926,8.080936843762174,16.003947091754526,9.311708854977041,1.2378248118329793,75.50195154733956,91.27921772422269,10.278833666816354,48.01286583417095,2,1,0,1,1,2,1,2,3
9,139,1,10,1,0,1,1,1,1,16.244362061843276,10.149241749197245,6.71461916109547,15.660477546043694,17.617036340059713,4.14162026392296,1.2847543391399086,48.25888897292316,141.9549021893181,29.905839576385915,22.34938051435165,2,0,0,0,2,2,1,2,6
9,140,1,11,1,0,1,1,1,1,23.323420267552137,10.224849223159254,8.373720576055348,8.408767944201827,19.179118467262015,14.300236188340932,2.325471272924915,71.8163197580725,114.25006416160613,13.229357777163386,15.42316073551774,1,1,1,1,2,2,1,2,4
9,141,1,12,1,0,1,1,1,1,16.59956205636263,10.46707322448492,8.684654038399458,10.73028494254686,18.296728889690712,10.940302489325404,0.5463394185062498,70.7556979963556,89.0442188619636,25.00751809682697,42.84385168692097,2,1,0,1,2,2,1,2,3
9,142,1,13,1,0,1,1,1,1,18.515399983152747,3.5041806099470705,15.172131401486695,14.939074468566105,12.152103743283078,6.24521412095055,0.28999950154684484,20.912671629339457,131.66902487631887,15.237544355913997,16.939518915023655,2,0,0,1,3,2,1,2,3
9,143,1,14,1,0,1,1,1,1,22.54475699737668,11.891712315380573,13.167460191994905,8.810409549623728,18.904744519852102,10.308573328889906,0.9848059853538871,56.371249123476446,147.2092724754475,13.98348762653768,30.216564073925838,3,1,1,1,3,2,1,2,3
9,144,1,15,1,0,1,1,1,1,8.470240929163992,6.4027788089588284,12.236518980003893,10.046445053303614,16.407320875208825,14.532573446631432,0.8453105599619448,70.61789819505066,75.23331420263276,14.67774432618171,25.84977480233647,1,1,0,1,3,2,1,2,1
10,145,0,0,1,0,1,1,1,0,19.1684010066092,13.287905778037384,18.79913621232845,10.714154791086912,26.266316606197506,7.126492854440585,1.707063363865018,44.97029772377573,95.99940113956109,9.721105239586905,30.031538205221295,1,0,0,0,3,1,2,1,3
10,146,1,1,1,0,1,1,1,0,8.162180967628956,5.426568777998909,5.883563002105802,8.563363329740241,20.291962575400248,12.77975605148822,2.261822463478893,58.058418412692845,98.24465675046667,16.60212771501392,41.97580762440339,2,0,1,1,1,1,2,1,4
10,147,1,2,1,0,1,1,1,0,6.55109899584204,7.764015981461853,17.29613591125235,17.841695811366662,17.34041444514878,13.309349583927542,2.502240682952106,75.44432965107262,50.11207488831133,19.93906714953482,42.37784329103306,1,0,0,1,1,1,2,1,5
10,148,1,3,1,0,1,1,1,0,18.21638974826783,11.172315776115283,9.456974130589515,19.354675172362477,15.761968278326094,6.730120323598385,2.953596165170893,29.32392160408199,97.14456867193803,18.256793818436563,43.952593258582056,2,1,1,1,3,1,2,1,3
10,149,1,4,1,0,1,1,1,0,22.337040905840695,7.004885763628408,10.074997864663601,12.088821217184886,22.1678291100543,4.1447755098342896,1.545647372258827,25.169178289361298,130.53078023483977,19.422144275158644,33.631757396506146,2,1,1,1,3,1,2,1,3
10,150,1,5,1,0,1,1,1,0,12.230621906928718,9.852678525494412,14.405942984391004,6.465383052127436,24.35239209746942,6.004861998837441,2.4233087059110403,53.89465941116214,142.55361495306715,26.400495413690805,33.6579063849058,2,0,0,0,3,1,2,1,4
10,151,1,6,1,0,1,1,1,0,21.842208672314882,7.314389512175694,14.881648232229054,17.27268702466972,13.047876978525892,7.173939150292426,3.101789465872571,42.43253436870873,137.45696599362418,12.5106321554631,20.52988067502156,2,1,0,0,1,1,2,1,3
10,152,1,7,1,0,1,1,1,0,7.225368991494179,6.62060661893338,11.597782363649458,16.10391930793412,10.933691376354545,12.210795976221561,2.4992327112704515,76.18151401169598,140.13334212824702,13.058132184669375,25.7554126821924,1,0,0,1,3,1,2,1,5
10,153,1,8,1,0,1,1,1,0,5.898821726441383,9.026115720625967,14.4478804259561,8.72800043784082,15.938204776961356,4.620022574439645,0.4913295013830066,73.82567145396024,107.66633313847706,22.814200003631413,31.135074234334752,3,0,1,1,1,1,2,1,3
10,154,1,9,1,0,1,1,1,0,24.993020282126963,5.3466910743154585,12.15055721718818,6.084412491181865,21.63882290548645,16.327915111090988,4.4481476955115795,20.679620411247015,66.55406228033826,22.145377951674163,27.69521977286786,1,1,0,1,3,1,2,1,3
10,155,1,10,1,0,1,1,1,0,8.565124017186463,6.4707084177061915,13.580963849555701,11.227865713881329,17.21675126045011,10.372658323030919,0.6353221915196627,21.871054763905704,58.22185242315754,25.977614233270288,19.983581309206784,3,1,1,0,3,1,2,1,1
10,156,1,11,1,0,1,1,1,0,13.269664719700813,6.165757056791335,16.989903912879527,18.950818345183507,12.764473718125373,14.210339293815196,1.0839244979433715,76.41486664302647,47.07288705045357,29.773378279060125,22.357296808622777,3,1,0,0,1,1,2,1,5
10,157,1,12,1,0,1,1,1,0,21.32993438281119,8.57506853970699,17.79849951993674,11.626879477407783,20.31114878691733,5.06188072450459,3.1517137598711997,32.87518708501011,141.10403070226312,26.239040065556765,44.9640574445948,1,1,0,1,2,1,2,1,4
10,158,1,13,1,0,1,1,1,0,6.346987881697714,11.166288049891591,7.0956762987188995,9.464958396274596,19.19522186461836,11.932678734418005,4.856461950112134,26.295933993533254,99.81788184028119,28.307442697696388,45.55280912667513,1,0,1,1,3,1,2,1,1
10,159,1,14,1,0,1,1,1,0,20.547739337198436,11.136882856255397,9.970527921803296,17.14266659342684,15.962376764276996,13.500443362630904,3.793629420688376,61.00157691631466,133.2337574660778,16.231398191303015,21.39683809131384,3,1,0,0,3,1,2,1,3
10,160,1,15,1,0,1,1,1,0,8.477841829881072,7.758102184161544,14.294396204408258,6.773279975168407,9.758469664957374,11.731688497122377,1.452592839486897,46.42643147613853,53.02887348923832,28.432372165843844,40.64063242753036,2,0,1,0,2,1,2,1,3
